system,trajectory_type,n,mer_end_pct,mer_ever_pct,oer_pct
max-hold(1),monotonic,1250,0.0,0.0,4.93
max-hold(1),oscillating,1250,0.0,0.0,79.6
max-hold(1),spike_emergency,1250,0.0,0.0,74.65
max-hold(1),spike_critical,1250,0.0,0.0,75.6
max-hold(1),OVERALL,5000,0.0,0.0,58.69
max-hold(1),OVERALL_second_half,5000,0.0,0.0,74.13
max-hold(2),monotonic,1250,0.0,0.0,3.15
max-hold(2),oscillating,1250,0.0,0.0,72.97
max-hold(2),spike_emergency,1250,0.0,0.0,68.61
max-hold(2),spike_critical,1250,0.0,0.0,73.63
max-hold(2),OVERALL,5000,0.0,0.0,54.59
max-hold(2),OVERALL_second_half,5000,0.0,0.0,71.57
DRAS-5 (full),monotonic,1250,0.0,0.0,40.24
DRAS-5 (full),oscillating,1250,0.0,0.0,88.04
DRAS-5 (full),spike_emergency,1250,0.0,0.0,74.98
DRAS-5 (full),spike_critical,1250,81.84,0.0,75.6
DRAS-5 (full),OVERALL,5000,20.46,0.0,69.71
DRAS-5 (full),OVERALL_second_half,5000,20.46,0.0,93.56
DRAS-5 (no C5),monotonic,1250,0.0,0.0,40.24
DRAS-5 (no C5),oscillating,1250,0.0,0.0,88.04
DRAS-5 (no C5),spike_emergency,1250,0.0,0.0,74.98
DRAS-5 (no C5),spike_critical,1250,0.0,0.0,75.6
DRAS-5 (no C5),OVERALL,5000,0.0,0.0,69.71
DRAS-5 (no C5),OVERALL_second_half,5000,0.0,0.0,93.56
