system,trajectory_type,n,silent_downclass_traj_pct,audited_stepdown_traj_pct,stepdown_events,premature_stepdowns,end_excess_levels_mean
Stateless (every sample),monotonic,1250,98.16,0.0,0,0,0.0
Stateless (every sample),oscillating,1250,100.0,0.0,0,0,0.0
Stateless (every sample),spike_emergency,1250,100.0,0.0,0,0,0.0
Stateless (every sample),spike_critical,1250,100.0,0.0,0,0,0.0
Stateless (every sample),OVERALL,5000,99.54,0.0,0,0,0.0
NEWS2 (every 2nd),monotonic,1250,65.6,0.0,0,0,0.149
NEWS2 (every 2nd),oscillating,1250,100.0,0.0,0,0,0.183
NEWS2 (every 2nd),spike_emergency,1250,100.0,0.0,0,0,0.28
NEWS2 (every 2nd),spike_critical,1250,100.0,0.0,0,0,0.0
NEWS2 (every 2nd),OVERALL,5000,91.4,0.0,0,0,0.153
Max-hold,monotonic,1250,0.0,0.0,0,0,0.233
Max-hold,oscillating,1250,0.0,0.0,0,0,2.031
Max-hold,spike_emergency,1250,0.0,0.0,0,0,3.398
Max-hold,spike_critical,1250,0.0,0.0,0,0,3.0
Max-hold,OVERALL,5000,0.0,0.0,0,0,2.166
DRAS-5 (no C5),monotonic,1250,0.0,0.0,0,0,0.665
DRAS-5 (no C5),oscillating,1250,0.0,0.0,0,0,2.141
DRAS-5 (no C5),spike_emergency,1250,0.0,0.0,0,0,3.426
DRAS-5 (no C5),spike_critical,1250,0.0,0.0,0,0,3.0
DRAS-5 (no C5),OVERALL,5000,0.0,0.0,0,0,2.308
DRAS-5 (full),monotonic,1250,0.0,0.0,0,0,0.665
DRAS-5 (full),oscillating,1250,0.0,0.0,0,0,2.141
DRAS-5 (full),spike_emergency,1250,0.0,0.0,0,0,3.426
DRAS-5 (full),spike_critical,1250,0.0,100.0,1250,0,2.0
DRAS-5 (full),OVERALL,5000,0.0,25.0,1250,0,2.058
