threshold_scale,decay_scale,theta_1,theta_2,theta_3,theta_4,mer_dras5_pct,oer_no_c5_pct,oer_with_c5_pct,c5_granted
0.85,1.0,0.255,0.425,0.595,0.765,0.0,61.74,61.74,224
0.9,1.0,0.27,0.45,0.63,0.81,0.0,64.91,64.91,1168
0.95,1.0,0.285,0.475,0.665,0.855,0.0,68.25,68.25,1250
1.0,1.0,0.3,0.5,0.7,0.9,0.0,69.71,69.71,1250
1.05,1.0,0.315,0.525,0.735,0.945,0.0,67.7,67.7,1241
1.1,1.0,0.33,0.55,0.77,0.99,0.0,66.06,66.06,1056
1.15,1.0,0.345,0.575,0.805,1.0,0.0,64.86,64.86,921
1.0,0.85,0.3,0.5,0.7,0.9,0.0,69.71,69.71,1249
1.0,0.9,0.3,0.5,0.7,0.9,0.0,69.71,69.71,1250
1.0,0.95,0.3,0.5,0.7,0.9,0.0,69.71,69.71,1250
1.0,1.05,0.3,0.5,0.7,0.9,0.0,69.71,69.71,1250
1.0,1.1,0.3,0.5,0.7,0.9,0.0,69.71,69.71,1250
1.0,1.15,0.3,0.5,0.7,0.9,0.0,69.71,69.71,1250
